Emailadresse;Passwort
id.Vorname@edu.tbz.ch;nnJgFvX3qU8W
1.Melodie@edu.tbz.ch;wTgAJZyTk1lv
2.Angele@edu.tbz.ch;tWkE93VxTF1Z
3.Zhi@edu.tbz.ch;dKy0cBal5OL7
4.Judicael@edu.tbz.ch;FAO7XAJE9bGn
5.Berengere@edu.tbz.ch;56phrg6JU2Os
6.Leonie@edu.tbz.ch;7ckTcypCAc6n
7.Venus@edu.tbz.ch;LDSm5RrRYmSU
8.Melina@edu.tbz.ch;Lc0D1K6xWEZd
9.Laurene@edu.tbz.ch;r2M82Rj1olZ5
10.Regine@edu.tbz.ch;7NCLRKTCUr6i
11.Cecile@edu.tbz.ch;r9Aj1sxlUo2Z
12.Maelann@edu.tbz.ch;LVZsZ69bmOQu
13.Melinda@edu.tbz.ch;y0jz8ybvhdHO
14.Mans@edu.tbz.ch;03PKeDUpUWt8
15.Melodie@edu.tbz.ch;NIC5YrD64LxX
16.Celine@edu.tbz.ch;vHxl43GmMuLA
17.Adelie@edu.tbz.ch;hLL5lE5kCubW
18.Helene@edu.tbz.ch;MqW1uRHAk1O3
19.Michele@edu.tbz.ch;yhcdDcTu1uNb
20.Maeline@edu.tbz.ch;AY2Z23lzMzEc
21.Maelann@edu.tbz.ch;RLqrXsDoH58V
22.Nuo@edu.tbz.ch;YSDQy1fQNTg7
23.Berengere@edu.tbz.ch;ETybZzJJn0bb
24.Wa@edu.tbz.ch;fvAon0JWbOfU
25.Anais@edu.tbz.ch;bj095IImpug2
26.Gerald@edu.tbz.ch;QpBRPBXyGsvv
27.Ruo@edu.tbz.ch;vMKkwMwHsQa5
28.Melodie@edu.tbz.ch;6CXKM44lVUr4
29.Ruo@edu.tbz.ch;twLTseI0rGQf
30.Noemie@edu.tbz.ch;9jB1WyoG6zu1
31.Maelann@edu.tbz.ch;UYeL7x8EHKhT
32.Milena@edu.tbz.ch;A7uYVrUQNs59
33.Mailys@edu.tbz.ch;qaJG3mGSaMEu
34.Nadege@edu.tbz.ch;oWAQzQwTeAjN
35.Oceane@edu.tbz.ch;K0v9Op1LXgql
36.Cecile@edu.tbz.ch;0LOrxTOOkBhT
37.Maella@edu.tbz.ch;BGzH1i71VOWe
38.Lea@edu.tbz.ch;ZINI6jEl9BIt
39.Laurene@edu.tbz.ch;qysVobgz8zsW
40.Dorothee@edu.tbz.ch;E7FBPsX39cHt
41.Clementine@edu.tbz.ch;roB8Cf2lVhrv
42.Lorene@edu.tbz.ch;qJJxiMXGlg5N
43.Cleopatre@edu.tbz.ch;Q3EnLOmYjB9f
44.Laurene@edu.tbz.ch;18IoZnajeTtN
45.Melia@edu.tbz.ch;7o64PMVa4SAT
46.Lucrece@edu.tbz.ch;QXxre88eolPI
47.Eleonore@edu.tbz.ch;hmtqejVXppkw
48.Melia@edu.tbz.ch;mXX76TCoi1Cy
49.Camelia@edu.tbz.ch;MwSt9wypzSan
50.Methode@edu.tbz.ch;W4UQalVZOXlo
51.Audreanne@edu.tbz.ch;8dJaQ8iHu2nr
52.Andree@edu.tbz.ch;Nj8Uc899aFlk
53.Marten@edu.tbz.ch;mh3D66pQ6Xi0
54.Esteve@edu.tbz.ch;tLCj7UCrD6zI
55.Leane@edu.tbz.ch;DOnTuxCJIGP8
56.Ma@edu.tbz.ch;fRJIWfLipFiG
57.Clea@edu.tbz.ch;xS7oWKfErEPD
58.Rachele@edu.tbz.ch;KVJfRT0pZUUk
59.Gerald@edu.tbz.ch;isyq8Z6bsvHG
60.Cleopatre@edu.tbz.ch;svHNkHhNfy8x
61.Desiree@edu.tbz.ch;g7ysKEjTiErX
62.Eleonore@edu.tbz.ch;XVwpz0Lf73JS
63.Leane@edu.tbz.ch;0BDulYsS5E7q
64.Becassine@edu.tbz.ch;dW0qzGiPTZ84
65.Mariejosee@edu.tbz.ch;bmxlY1SL1Z68
66.Mariejosee@edu.tbz.ch;mDtkyH2YIqqe
67.Leonie@edu.tbz.ch;QIP3i1d8BBQj
68.Valerie@edu.tbz.ch;aQp1JgEhyk05
69.Ju@edu.tbz.ch;9dW3YLYhhz1s
70.Borje@edu.tbz.ch;GA446GSbpDOF
71.Beatrice@edu.tbz.ch;QIay42cyJGe8
72.Da@edu.tbz.ch;neAOQN5I8jR5
73.Uo@edu.tbz.ch;JDp2BKEZ9PL5
74.Valerie@edu.tbz.ch;ZeWasKiFtcsI
75.Marlene@edu.tbz.ch;ZaXYWwCSkQW4
76.Ma@edu.tbz.ch;wZc6AcedVWEm
77.Marlene@edu.tbz.ch;Omn2EIFBiPBr
78.Estee@edu.tbz.ch;VIvcg9mKO4Ac
79.Simplifies@edu.tbz.ch;UMGu1Wy4d43f
80.Selene@edu.tbz.ch;5y1uhNHoyQ9L
81.Meryl@edu.tbz.ch;HfpqPCHz2MiO
82.Anais@edu.tbz.ch;ClqjKcAYnqkK
83.Melina@edu.tbz.ch;HqZnP2oj9anT
84.Audreanne@edu.tbz.ch;O1IcjFUoessZ
85.Bjorn@edu.tbz.ch;nANlzPr4hvxX
86.Francoise@edu.tbz.ch;BVwbdqpGFxTn
87.Laurene@edu.tbz.ch;9nXiTQd3g47D
88.Valerie@edu.tbz.ch;aD1kBI3t2kbA
89.Anael@edu.tbz.ch;rhBY5gaVYkAF
90.Stephanie@edu.tbz.ch;ieKBG2kpIlou
91.Ines@edu.tbz.ch;LuPI0Fx7P4Cf
92.Berenice@edu.tbz.ch;06dCUrk5nZe7
93.Melanie@edu.tbz.ch;rTgOHNo32Uhs
94.Frederique@edu.tbz.ch;hWphhufarh2I
95.Nuo@edu.tbz.ch;2mcY7zFCazk5
96.Genevieve@edu.tbz.ch;k6H508HkqOmr
97.Ju@edu.tbz.ch;FIVTwn0A9RuF
98.Josephine@edu.tbz.ch;Y7yMSP52Mlv6
99.Laurene@edu.tbz.ch;mHiBpfojnK1K
100.Becassine@edu.tbz.ch;snmP1Kt5dmQ2
101.Alois@edu.tbz.ch;FZOinoekeBZh
102.Cleopatre@edu.tbz.ch;crrJnGaJ2tGM
103.Andre@edu.tbz.ch;iaZfQElJ6Ow0
104.Beatrice@edu.tbz.ch;CbAxvi8a783F
105.Hakan@edu.tbz.ch;UBCIKbw4M6ym
106.Celestine@edu.tbz.ch;3tPQaGOjZ90a
107.Clemence@edu.tbz.ch;ICTdnwtujE6D
108.Long@edu.tbz.ch;Xjr7Lk4sX8TB
109.Gaetane@edu.tbz.ch;wzSxB9Uu1dWF
110.Maelann@edu.tbz.ch;bXWFTffZ62Bz
111.Magdalene@edu.tbz.ch;QpvYimnlBWV5
112.Veronique@edu.tbz.ch;jS6pgRhnqckr
113.Clea@edu.tbz.ch;SKv77r6Bdwsl
114.Maelann@edu.tbz.ch;xPT2BxlrhhK4
115.Clea@edu.tbz.ch;nwEBrirVqac1
116.Renee@edu.tbz.ch;W3B5AcXT1XIU
117.Borje@edu.tbz.ch;fICzxsuJHlyk
118.Marylene@edu.tbz.ch;uAtOXzpdjoh6
119.Nadege@edu.tbz.ch;5iKpHknxR3bK
120.Anael@edu.tbz.ch;fY9dng98W08Y
121.Lie@edu.tbz.ch;cCzdg5L70D0t
122.Maella@edu.tbz.ch;yAcf1vqqNh73
123.Cleopatre@edu.tbz.ch;f38RdTOOfPJ4
124.Geraldine@edu.tbz.ch;aJJstppIofqg
125.Gaetane@edu.tbz.ch;5SSvsRYimqeN
126.Meryl@edu.tbz.ch;jtbSlxiDDmZg
127.Aurelie@edu.tbz.ch;h6kBfb8lNauU
128.Oceanne@edu.tbz.ch;hVga9V4T42Fv
129.Dorothee@edu.tbz.ch;1N4NHPm55CZl
130.Hakan@edu.tbz.ch;46mV5QtnVSGI
131.Celine@edu.tbz.ch;DM8ThZHAKHxJ
132.Anael@edu.tbz.ch;sNvAcurp7zK6
133.Ruo@edu.tbz.ch;du7lN4xC9Jt2
134.Loic@edu.tbz.ch;kVN8KkP3zjts
135.Rui@edu.tbz.ch;pRujIZvAXEIM
136.Annotee@edu.tbz.ch;SaorrGdupR9t
137.Borje@edu.tbz.ch;Swe8qgWg8rT1
138.Ma@edu.tbz.ch;au8KEmv6llcR
139.Laurelie@edu.tbz.ch;EkAXrkaVRLxk
140.Dorothee@edu.tbz.ch;iwAhJzxvJ7I4
141.Laurena@edu.tbz.ch;ARMIzKRdV9sC
142.Clemence@edu.tbz.ch;ZMP4UqWclS8n
143.Nadege@edu.tbz.ch;N5yxKAXTzfrw
144.Mailis@edu.tbz.ch;YqQacrN1DnU9
145.Daniele@edu.tbz.ch;6taYrzzevPXP
146.Mediamass@edu.tbz.ch;7Vq2aq9LQle3
147.Leone@edu.tbz.ch;fJX0mbeMqsUW
148.Asa@edu.tbz.ch;XGEmRr1BaZ38
149.Adele@edu.tbz.ch;gMopgAcGDcP4
150.Fei@edu.tbz.ch;mym24PpopYPv
151.Mariejosee@edu.tbz.ch;J0OqQZBSj1jh
152.Desiree@edu.tbz.ch;ylwzk4xdxjpb
153.Gisele@edu.tbz.ch;spYNBn6ZOvPG
154.Ma@edu.tbz.ch;jYnAvj61mb7Z
155.Da@edu.tbz.ch;9ouQTauCVpsp
156.Simplifies@edu.tbz.ch;kwp2dPKv0Nsi
157.Garcon@edu.tbz.ch;0rmryukk4rqL
158.Gaetane@edu.tbz.ch;RYiI3YhdbhJH
159.Gisele@edu.tbz.ch;Sc58W1nw8aRb
160.Oceanne@edu.tbz.ch;41mzPclgHIqN
161.Orjan@edu.tbz.ch;tixtFCRusG6L
162.Regine@edu.tbz.ch;gm6QDyVkQTNa
163.Selene@edu.tbz.ch;fPNzdMWLpSKP
164.Helena@edu.tbz.ch;O6P3LYBGS5lX
165.Maelann@edu.tbz.ch;KhxjOFPhWut2
166.Frederique@edu.tbz.ch;zYbaEgUNMxTG
167.Audreanne@edu.tbz.ch;DXM3f7nDwlfs
168.Maiwenn@edu.tbz.ch;NQgw5BL5djVo
169.Yu@edu.tbz.ch;gKV1LBCv9vvN
170.Anae@edu.tbz.ch;6mmQzPqyAMfK
171.Yenora@edu.tbz.ch;gzmDfGN8JJbj
172.Esbjorn@edu.tbz.ch;hQtyILiP1iTg
173.Milena@edu.tbz.ch;scjeKSzjiEE7
174.Celestine@edu.tbz.ch;QXncbtthQiyE
175.Maena@edu.tbz.ch;563f7fGVg5o2
176.Andree@edu.tbz.ch;GeHokzpbnXfs
177.Methode@edu.tbz.ch;uv1OxumB5eRn
178.Venus@edu.tbz.ch;6XBCzFECZLrC
179.Mans@edu.tbz.ch;3szxbhyqYfXU
180.Gaelle@edu.tbz.ch;WmnEYhAHrivg
181.Anaelle@edu.tbz.ch;SCy0MRAahtDS
182.Ophelie@edu.tbz.ch;p966Y8MRWr1V
183.Marten@edu.tbz.ch;JforTTn2M5Fy
184.Pelagie@edu.tbz.ch;xyuUrfpjeLN6
185.Gwenaelle@edu.tbz.ch;traAAoLNi6HR
186.Hakan@edu.tbz.ch;yWmKR7n843i2
187.Mariejosee@edu.tbz.ch;bc2PKaSzYj4I
188.Zoe@edu.tbz.ch;eclxGE9EwSPP
189.Josee@edu.tbz.ch;v9QV7z7SxNFg
190.Laurene@edu.tbz.ch;QwTfSFaXIpuY
191.Anael@edu.tbz.ch;4k3L5We1PIY0
192.Mediamass@edu.tbz.ch;JtBjLft32Fur
193.Berengere@edu.tbz.ch;aGfkLxu0tX27
194.Orjan@edu.tbz.ch;QUu66du5DfbN
195.Aslog@edu.tbz.ch;jnYLYMOaYOSF
196.Marienoel@edu.tbz.ch;SMjkXNXda5Pp
197.Hakan@edu.tbz.ch;FgtmEGXAWYGe
198.Maella@edu.tbz.ch;lt15lxsX2KGb
199.Therese@edu.tbz.ch;ZxOG4ERqZ9oR
200.Stephanie@edu.tbz.ch;n6eL1uSfKaZ7
201.Marta@edu.tbz.ch;WDs40jmwBqe3
202.Gaetane@edu.tbz.ch;x0lPfc4Fzcbl
203.Naeva@edu.tbz.ch;AvcHFnpWDW0y
204.Salome@edu.tbz.ch;NmG1DfewmrTz
205.Borje@edu.tbz.ch;rBK1dgec0GLK
206.Lucrece@edu.tbz.ch;W0gQ5wVU9AqP
207.Laurene@edu.tbz.ch;9XIbc3liBB1n
208.Cecilia@edu.tbz.ch;N7pPxSo9fMzn
209.Stevina@edu.tbz.ch;r6oXEz6SvUUL
210.Marienoel@edu.tbz.ch;XZPZzMUFwLEZ
211.Melina@edu.tbz.ch;KGc51oOpXmZm
212.Marienoel@edu.tbz.ch;7VLs09vWAIi1
213.Leone@edu.tbz.ch;1bng27B8fJen
214.Zoe@edu.tbz.ch;qZMuckUEDpbx
215.Annotes@edu.tbz.ch;kKVFW8lDTUwp
216.Faites@edu.tbz.ch;u2xtHXHRQenr
217.Adele@edu.tbz.ch;vDlm514VHWbH
218.Severine@edu.tbz.ch;zwcNazHPjPXF
219.Valerie@edu.tbz.ch;LgLjANNemSAW
220.Kalliste@edu.tbz.ch;6IpwAv8eZY7o
221.Audreanne@edu.tbz.ch;hszLJEeVvnz4
222.Elea@edu.tbz.ch;BQYPeylB281m
223.Reserves@edu.tbz.ch;mhcG307ppMrQ
224.Athena@edu.tbz.ch;eBk3qI3G83h5
225.Rebecca@edu.tbz.ch;vy5DHqjYycd1
226.Maiwenn@edu.tbz.ch;N0EMS4a3YwYX
227.Andree@edu.tbz.ch;l5iEvtVpj5ZY
228.Ruo@edu.tbz.ch;w5SYSQXzM9hR
229.Naeva@edu.tbz.ch;Lfjm9ZymhVss
230.Borje@edu.tbz.ch;m7f8Z85fBk7h
231.Penelope@edu.tbz.ch;oWdqTlNWpLjo
232.Alois@edu.tbz.ch;URpzbXCEkfsu
233.Anaelle@edu.tbz.ch;lrw5Ly8lHxPH
234.Ye@edu.tbz.ch;4bOluv70QPvu
235.Andree@edu.tbz.ch;xNwwGPVwecDa
236.Hakan@edu.tbz.ch;Gz3N4wJvedsu
237.Andre@edu.tbz.ch;ORbMPDExF8Oi
238.Annotes@edu.tbz.ch;l7XKbIv3fmRO
239.Pal@edu.tbz.ch;lFXvgCYKyKhl
240.Yao@edu.tbz.ch;6hzH46FkU3Yl
241.Hakan@edu.tbz.ch;ScxDqrgwDOXz
242.Nelie@edu.tbz.ch;rVu9Y2nXWHMg
243.Hakan@edu.tbz.ch;TNYLCs5oUNra
244.Lorene@edu.tbz.ch;TlrYhYzAw9oP
245.Marietherese@edu.tbz.ch;Yc8TUey3obeo
246.Berenice@edu.tbz.ch;reTlXjL12045
247.Theresa@edu.tbz.ch;N7sDOpWDdRYU
248.Marietherese@edu.tbz.ch;QrvceUcCT5pQ
249.Meryl@edu.tbz.ch;Ud0VFc27fQOL
250.Adele@edu.tbz.ch;sW703dQu6xRY
251.Anae@edu.tbz.ch;PFvxiXuHMJuF
252.Gaetane@edu.tbz.ch;hI9dbmz9mvaa
253.Laila@edu.tbz.ch;7w07EatIj8ZG
254.Maite@edu.tbz.ch;0lfPuljMNdMc
255.Andree@edu.tbz.ch;4dz5Qk4A6c7K
256.Pal@edu.tbz.ch;YcYf3aGlgm2r
257.Maelys@edu.tbz.ch;pLNY2e4RLeFL
258.Dafnee@edu.tbz.ch;La2ESl4RhhVW
259.Alois@edu.tbz.ch;liWl105Rdeyl
260.Mariehelene@edu.tbz.ch;yjw60uvP1jrm
261.Mylene@edu.tbz.ch;gfWV0pNR4zbI
262.Mariehelene@edu.tbz.ch;8nwdlLIrznwL
263.Angele@edu.tbz.ch;ld6XEKTex96H
264.Melia@edu.tbz.ch;e6XD6Qdu1ZyL
265.Eloise@edu.tbz.ch;ZFveC9c0FKVY
266.Illustree@edu.tbz.ch;6HS6ZPIx4Gt2
267.Genevieve@edu.tbz.ch;gHSMXszuiViQ
268.Celestine@edu.tbz.ch;VtsJrUaX4E4v
269.Gwenaelle@edu.tbz.ch;sQIvqbvftmtU
270.Regine@edu.tbz.ch;ra8BiEnFzEYy
271.Creez@edu.tbz.ch;L62HAnpjjbAe
272.Gaia@edu.tbz.ch;Smp6FX5ZzeNe
273.Mailis@edu.tbz.ch;vdyUrUbebRYD
274.Song@edu.tbz.ch;56orAQb3EsJq
275.Frederique@edu.tbz.ch;fkj7LirCYE2O
276.Ake@edu.tbz.ch;fmAp7jvOoyaD
277.Nelie@edu.tbz.ch;oE925ElyhtIV
278.Mailis@edu.tbz.ch;R3Z7xDwAR9lW
279.Irene@edu.tbz.ch;zxls0sY5ODol
280.Maite@edu.tbz.ch;52ElzKuk7V4S
281.Anaelle@edu.tbz.ch;H3WQHEyq2EHb
282.Methode@edu.tbz.ch;PPOdOB6VhbPz
283.Po@edu.tbz.ch;F3fDFgkVFt6c
284.Faites@edu.tbz.ch;JpTnAdxiUNkM
285.Adelaide@edu.tbz.ch;cTC2NQMVbCCj
286.Desiree@edu.tbz.ch;ibZLY3m0pa7H
287.Geraldine@edu.tbz.ch;cH433tNZdjLN
288.Ruo@edu.tbz.ch;cjanSkqigNYp
289.Aurelie@edu.tbz.ch;n3etXUjh35xS
290.Naelle@edu.tbz.ch;xr1pmBAYvOyf
291.Camelia@edu.tbz.ch;OirPS6QctJik
292.Publicite@edu.tbz.ch;8VM6UWMAhktg
293.Cleopatre@edu.tbz.ch;8SS5HrPYdUOa
294.Laurene@edu.tbz.ch;NNFW5Ak2QaBF
295.Rui@edu.tbz.ch;EUKmOsimt8kQ
296.Asa@edu.tbz.ch;ZKbXwXbPFiUS
297.Gisele@edu.tbz.ch;qOjiF9PUK0nX
298.Maily@edu.tbz.ch;owetCeXFz0B0
299.Marieeve@edu.tbz.ch;KkV0zNmuGm1d
300.Fei@edu.tbz.ch;gFSeM25Pm9k8
301.Edmee@edu.tbz.ch;b22dhQskCSuf
302.Geraldine@edu.tbz.ch;h0g6XfsAZ0NR
303.Ye@edu.tbz.ch;0awoWmL7aIOw
304.Publicite@edu.tbz.ch;6CVtTTUjbjAF
305.Severine@edu.tbz.ch;QovxcwqgveVr
306.Yao@edu.tbz.ch;Yk2a53xaZlAx
307.Theresa@edu.tbz.ch;mj7Ujv7Nuhwh
308.Stephanie@edu.tbz.ch;QwEjTnTTBEMo
309.Torbjorn@edu.tbz.ch;O9gMISZTSpvW
310.Eloise@edu.tbz.ch;MdulPuf2uMku
311.Maeline@edu.tbz.ch;6cPduCo85ju3
312.Nelie@edu.tbz.ch;S0hsnRYAd8MR
313.Gaetane@edu.tbz.ch;oncYgjeESDLX
314.Aimee@edu.tbz.ch;eEedpibQSryM
315.Orjan@edu.tbz.ch;UsvNMRFkgkee
316.Aimee@edu.tbz.ch;LW3qnxCPqJhh
317.Nelie@edu.tbz.ch;yyTr4yXYSLey
318.Hakan@edu.tbz.ch;lZkGiC8SXS8X
319.Maelyss@edu.tbz.ch;RA7vyzT8z4wz
320.Elea@edu.tbz.ch;Phf0zi8haMUW
321.Maelys@edu.tbz.ch;cpW2A51A7Gyf
322.Maella@edu.tbz.ch;UbA3dtlcJhKr
323.Adele@edu.tbz.ch;ZDYPnaCSBrd8
324.Meline@edu.tbz.ch;wAveujCTDdhZ
325.Mediamass@edu.tbz.ch;ONPX2sRNKpq0
326.Leone@edu.tbz.ch;0BC5t2261arB
327.Annotes@edu.tbz.ch;1lpxAZom0mth
328.Gaetane@edu.tbz.ch;rqsXkFSWfHki
329.Alizee@edu.tbz.ch;vqIJTxzOGuEz
330.Leone@edu.tbz.ch;foNoCeILnyBy
331.Amelie@edu.tbz.ch;S1wpthVL1yFV
332.Marten@edu.tbz.ch;cOZ1dDahTudt
333.Becassine@edu.tbz.ch;uwKX71QDyoU9
334.Celine@edu.tbz.ch;yJZmAs0eahjd
335.Geraldine@edu.tbz.ch;gsnbthVpVdqu
336.Salome@edu.tbz.ch;AlJ4GiGYRvyJ
337.Melia@edu.tbz.ch;8erzRbEtf8XE
338.Dafnee@edu.tbz.ch;NncVjkzxSW63
339.Garcon@edu.tbz.ch;KSPWBYkKqUin
340.Interessant@edu.tbz.ch;6JDWmjNQNq8x
341.Annotee@edu.tbz.ch;pyBZpWwWLilh
342.Asa@edu.tbz.ch;TN8BB1Rc3sc1
343.Maily@edu.tbz.ch;JNXj1S2MmoSn
344.Ye@edu.tbz.ch;OHXakQZBbcCu
345.Athena@edu.tbz.ch;VvzrISdlMVAn
346.Andreanne@edu.tbz.ch;QuMwhkLlfCbb
347.Goran@edu.tbz.ch;D4LqK79SRaB9
348.Gerald@edu.tbz.ch;M0WK8ManSSIL
349.Andreanne@edu.tbz.ch;ipgjmoLMV2O3
350.Esteve@edu.tbz.ch;yjb6ge4ibbZv
351.Leone@edu.tbz.ch;2gBgNpOHC0wb
352.Maena@edu.tbz.ch;3RMWBWb1ZMC1
353.Andree@edu.tbz.ch;qY6MVTEKaK9N
354.Ines@edu.tbz.ch;z0ybKL9cxtHy
355.Mariehelene@edu.tbz.ch;eDPsa9GPTL9O
356.Po@edu.tbz.ch;RHIRy3FxJ0t5
357.Ruo@edu.tbz.ch;GdNPN984tiwb
358.Po@edu.tbz.ch;KkVXdwNBKJSU
359.Du@edu.tbz.ch;4PtA8tRVlwqy
360.Interessant@edu.tbz.ch;MKlxw6OOKYjc
361.Leandre@edu.tbz.ch;PuYp72mdgbyU
362.Bjorn@edu.tbz.ch;xQGC85hR1QLR
363.Interessant@edu.tbz.ch;cgg1MWM0kPi9
364.Celestine@edu.tbz.ch;YxfMl4fWn0au
365.Tan@edu.tbz.ch;4SyHNNlXnin2
366.Regine@edu.tbz.ch;Nv4QkpVjmXry
367.Ju@edu.tbz.ch;vTnCiTfY7nYZ
368.Reserves@edu.tbz.ch;uKYxZaYFXMW6
369.Frederique@edu.tbz.ch;kwKXnEbiRAKN
370.Marieeve@edu.tbz.ch;Lkm9tuhBdZ80
371.Andre@edu.tbz.ch;E8ce42cZ1ASU
372.Esbjorn@edu.tbz.ch;OVGBPsqYGVGn
373.Maella@edu.tbz.ch;F7Ozp6wNTYnt
374.Leandre@edu.tbz.ch;NvrQ9go0gKPq
375.Mai@edu.tbz.ch;705hOfcPuSio
376.Rachele@edu.tbz.ch;hRZreq5Bvho2
377.Cecile@edu.tbz.ch;n6imCZbe8YAg
378.Marieeve@edu.tbz.ch;HSUW2GZosdaD
379.Almerinda@edu.tbz.ch;FwiIfYWqGToi
380.Rao@edu.tbz.ch;rMulvterLHlQ
381.Serena@edu.tbz.ch;QZM10G33ZAX8
382.Rebecca@edu.tbz.ch;Lxi1NW5wP5wh
383.Reserves@edu.tbz.ch;vQjh3KbbIDIL
384.Garcon@edu.tbz.ch;yRP7pCkGzePV
385.Methode@edu.tbz.ch;fhhKCKuaKLvY
386.Pelagie@edu.tbz.ch;rY7r4oOPAq2i
387.Josephine@edu.tbz.ch;5WbQtFSYzhF0
388.Eugenie@edu.tbz.ch;C2HReGlFhmJq
389.Gaetane@edu.tbz.ch;A77reebloBSQ
390.Michele@edu.tbz.ch;Ok8Mpow2dXsQ
391.Eugenie@edu.tbz.ch;ZMo7iMKvLOSk
392.Megane@edu.tbz.ch;EcJsovQt9nZl
393.Agnes@edu.tbz.ch;KLAoXDURqDQu
394.Mariehelene@edu.tbz.ch;I9eTZ5Fs7rVb
395.Melia@edu.tbz.ch;FrLLm9IPB6n0
396.Lois@edu.tbz.ch;Hy8C52WMbkxV
397.Mailys@edu.tbz.ch;fER6AwgnoOTM
398.Rachele@edu.tbz.ch;1sh9hnpievfn
399.Gwenaelle@edu.tbz.ch;B7SasVNKkNen
400.Long@edu.tbz.ch;GJLpmXDiqowC
401.Styrbjorn@edu.tbz.ch;9mcqbPmRVurF
402.Len@edu.tbz.ch;o7eAXYSZp4HP
403.Maelle@edu.tbz.ch;9u2FcwfMXo6O
404.Selene@edu.tbz.ch;xtEM2OohocsT
405.Anais@edu.tbz.ch;IikEaZGgl0hy
406.Marienoel@edu.tbz.ch;XjreUKGRBMsZ
407.Mariehelene@edu.tbz.ch;2DkKxpifrl0C
408.Camelia@edu.tbz.ch;dObeNC7xi8zn
409.Helene@edu.tbz.ch;1djLx8XsYEQK
410.Marten@edu.tbz.ch;eDYNaaKDDc9y
411.Helena@edu.tbz.ch;igcsdLbnbqSI
412.Leane@edu.tbz.ch;9YUSbBkwh9Wg
413.Goran@edu.tbz.ch;8Kac6XI9V0sm
414.Styrbjorn@edu.tbz.ch;HhVfRFsamTLm
415.Zoe@edu.tbz.ch;rGHAkXO9hpOS
416.Kui@edu.tbz.ch;okXgliwp8iKv
417.Desiree@edu.tbz.ch;RJb9XWEDJFfG
418.Zoe@edu.tbz.ch;r882b4X4PSIK
419.Marylene@edu.tbz.ch;pMDLXye7wVe7
420.Adelaide@edu.tbz.ch;ArNqMFSvXAML
421.Maella@edu.tbz.ch;YZf4jsC65ka4
422.Mariefrancoise@edu.tbz.ch;8TAmLfZbku8n
423.Eleonore@edu.tbz.ch;WVS6E2gZr4Zh
424.Celestine@edu.tbz.ch;TKCvpA6GHmDU
425.Stevina@edu.tbz.ch;yBC37p47acyD
426.Maiwenn@edu.tbz.ch;g3tkXHmfXt0i
427.Magdalene@edu.tbz.ch;rZBeAfsg8YdX
428.Becassine@edu.tbz.ch;iJrYcce12mnO
429.Da@edu.tbz.ch;3xkXXMMm8ZLK
430.Mailys@edu.tbz.ch;SHw965c9HbfD
431.Maena@edu.tbz.ch;ZdDekEm4MISH
432.Solene@edu.tbz.ch;mkW3PkytQ8pB
433.Marietherese@edu.tbz.ch;8I2HKvIQYION
434.Gerald@edu.tbz.ch;MGa0ntrjfTiH
435.Ake@edu.tbz.ch;9HSvHDMeVJXc
436.Men@edu.tbz.ch;9gXVxuDhmbpQ
437.Anais@edu.tbz.ch;30MYJlBRRTZE
438.Publicite@edu.tbz.ch;ojXTRcTAOFOP
439.Maily@edu.tbz.ch;fLhn8P4rJ2v0
440.Ines@edu.tbz.ch;RalvHhpBW5vb
441.Noemie@edu.tbz.ch;5ZItZyzTnSO0
442.Meghane@edu.tbz.ch;JaNporiya599
443.Berangere@edu.tbz.ch;7S57v4dN0oAi
444.Mediamass@edu.tbz.ch;6kYEAOO4dXfH
445.Osten@edu.tbz.ch;B8Tx3x4yngfH
446.Melina@edu.tbz.ch;KllC6ehjp8ta
447.Theresa@edu.tbz.ch;kyT0D9v2x3pE
448.Clemence@edu.tbz.ch;ZTJ3JZzyWtmu
449.Faites@edu.tbz.ch;3HxYSLujF7Ra
450.Clea@edu.tbz.ch;Jlk3vEjGqDMA
451.Josephine@edu.tbz.ch;9PQEeaLza3t2
452.Osten@edu.tbz.ch;FkhKIoZaocLx
453.Mariejosee@edu.tbz.ch;kdYADxcz0bQd
454.Therese@edu.tbz.ch;0LrVumxhm3Ih
455.Melia@edu.tbz.ch;StNAnPtxT3Rm
456.Judicael@edu.tbz.ch;EohkiX5zdcR6
457.Selene@edu.tbz.ch;K0A4peKXhXhB
458.Verane@edu.tbz.ch;pq9p6qrs7Nn8
459.Meline@edu.tbz.ch;qiMQMWOpebRo
460.Lei@edu.tbz.ch;UJDBFZlfs8Ol
461.Styrbjorn@edu.tbz.ch;x71qEdXUPOA9
462.Marlene@edu.tbz.ch;GxZyHXLQC1QZ
463.Mai@edu.tbz.ch;t6BCAN5AfMbq
464.Gwenaelle@edu.tbz.ch;6Skt7k22uskk
465.Gerald@edu.tbz.ch;NaItVn2WgIxI
466.Kui@edu.tbz.ch;wwzvdEzO8GX7
467.Salome@edu.tbz.ch;o5obqa08BliH
468.Angelique@edu.tbz.ch;NrkiiQ6q1jdd
469.Ju@edu.tbz.ch;bh1s27yRvGjY
470.Dafnee@edu.tbz.ch;iLB0ZlTSoXg1
471.Creez@edu.tbz.ch;76BhjZxuxppT
472.Uo@edu.tbz.ch;gh3LZ4dqllw3
473.Edmee@edu.tbz.ch;WZbrT2xu2wsg
474.Aslog@edu.tbz.ch;bwXGTkkLlnP8
475.Melodie@edu.tbz.ch;PSxtm3QtTsdy
476.Dorothee@edu.tbz.ch;r0Ax29RLDHps
477.Daniele@edu.tbz.ch;o3MpW1xv9zIN
478.Mediamass@edu.tbz.ch;wo62YQ9Jdi2K
479.Lorene@edu.tbz.ch;sopXYZphhGhh
480.Leonore@edu.tbz.ch;ufNvOmNqDjD7
481.Po@edu.tbz.ch;MURWRlJkPwWw
482.Cecilia@edu.tbz.ch;QJSzryg3cLRW
483.Lorene@edu.tbz.ch;zNxv2PcBTrD8
484.Berangere@edu.tbz.ch;thWxhM3ARpS6
485.Simplifies@edu.tbz.ch;IA0F2GL2T7uH
486.Clelia@edu.tbz.ch;4eTrqmQ6cTnC
487.Ake@edu.tbz.ch;1T4hUrpveX5z
488.Cunegonde@edu.tbz.ch;sXUW7CAPpj46
489.Long@edu.tbz.ch;hzAVNR63dqal
490.Meghane@edu.tbz.ch;8Wh8zbqTZqIU
491.Therese@edu.tbz.ch;iQnv8HjtoD3P
492.Borje@edu.tbz.ch;ihO6bSrWCtXU
493.Du@edu.tbz.ch;KOhvewkMCMv6
494.Hakan@edu.tbz.ch;b5oaPIpfFqn6
495.Wa@edu.tbz.ch;36HTwwMmhFnK
496.Venus@edu.tbz.ch;BZknlNbuBsiQ
497.Anaelle@edu.tbz.ch;H6fz4sUfZmwo
498.Mahelie@edu.tbz.ch;cJiX3mPjRq6R
499.Mediamass@edu.tbz.ch;XSvqw71cynWA
500.Esbjorn@edu.tbz.ch;YGUEQFmhZyCG
501.Andrea@edu.tbz.ch;v33uNan1Jzdb
502.Melys@edu.tbz.ch;vLxwigQIGzbu
503.Leone@edu.tbz.ch;ZRdnvq76Ym50
504.Francoise@edu.tbz.ch;TPMF44fxMtiP
505.Rebecca@edu.tbz.ch;FeMHoXctAqdm
506.Adelaide@edu.tbz.ch;5dAxP85ahC0s
507.Stevina@edu.tbz.ch;YLClUOfC8Em8
508.Ma@edu.tbz.ch;VUjaAfAnDj1U
509.Tan@edu.tbz.ch;j5BIYPpoXUjx
510.Venus@edu.tbz.ch;SkHkl6ROxnRS
511.Almerinda@edu.tbz.ch;TQA8nmYhTQwB
512.Cleopatre@edu.tbz.ch;oOw4ImPsNgA9
513.Interessant@edu.tbz.ch;2xnySgHvwcaR
514.Reserves@edu.tbz.ch;fOAcjZExV5Ef
515.Annotes@edu.tbz.ch;KxTU7VwR0Jan
516.Ai@edu.tbz.ch;4ma5APW3yVkJ
517.Megane@edu.tbz.ch;i5qeSzpU2WLb
518.Esbjorn@edu.tbz.ch;97hPqCtRpHHu
519.Borje@edu.tbz.ch;6ZWMGKXq9vOk
520.Becassine@edu.tbz.ch;YCeQZbET7xRW
521.Personnalisee@edu.tbz.ch;nrqESJ9CheiU
522.Verane@edu.tbz.ch;bHucaR2jPIUk
523.Marylene@edu.tbz.ch;rq24nTvc7kno
524.Lai@edu.tbz.ch;jZz5Gixk7jn2
525.Serena@edu.tbz.ch;FZDrJnye2rzO
526.Lie@edu.tbz.ch;XXtNWp223U56
527.Marylene@edu.tbz.ch;8vcNmWzl5S0K
528.Andre@edu.tbz.ch;4GBcp7EQI4qt
529.Goran@edu.tbz.ch;cVyB9Mojfl5m
530.Cunegonde@edu.tbz.ch;SJcaOE4xBkbL
531.Tan@edu.tbz.ch;zRdEe9r9VpgG
532.Marienoel@edu.tbz.ch;6eIrNBjK1mwa
533.Simplifies@edu.tbz.ch;5QVMARNXAMN9
534.Melys@edu.tbz.ch;NlDUAbdkh2aF
535.Edmee@edu.tbz.ch;4DgmjwMSXuCV
536.Berengere@edu.tbz.ch;yigRPfpd6D62
537.Marienoel@edu.tbz.ch;klUDr9ck88Na
538.Ju@edu.tbz.ch;ItibX4vh0oVf
539.Frederique@edu.tbz.ch;XgAsQAQ5axQp
540.Reserves@edu.tbz.ch;7nuVZ64RMsWd
541.Hakan@edu.tbz.ch;306VOd5ICyOp
542.Leonore@edu.tbz.ch;JhAcfA1jM9Bj
543.Marieeve@edu.tbz.ch;r46ctYEFQ8HZ
544.Naelle@edu.tbz.ch;YBV3d6UPrZv7
545.Nelie@edu.tbz.ch;jG6kS1GKbyjh
546.Adele@edu.tbz.ch;sCdOqnZpEwrM
547.Clementine@edu.tbz.ch;eBRdy95csO3g
548.Zhi@edu.tbz.ch;eUaN5O2Z2LT1
549.Chloe@edu.tbz.ch;z6xl7fYmac6s
550.Meng@edu.tbz.ch;k9Eck3fwQ2Ys
551.Celine@edu.tbz.ch;JrTPxwFGEoBd
552.Clelia@edu.tbz.ch;AJ6cGgb4Kn4k
553.Cecile@edu.tbz.ch;B4BQLkIlUL7a
554.Ma@edu.tbz.ch;u7NxxOmwNyhK
555.Mariehelene@edu.tbz.ch;NhZ3Ug74kuqg
556.Elies@edu.tbz.ch;8pZBsmGBmnTl
557.Yu@edu.tbz.ch;R1qgCO91RCUC
558.Celia@edu.tbz.ch;vRWmJH2TnWTi
559.Du@edu.tbz.ch;sm0XCIz2sUfB
560.Gorel@edu.tbz.ch;ZXVkOU1IHQxV
561.Mariejosee@edu.tbz.ch;D5kMtmunfpID
562.Camelia@edu.tbz.ch;W8Sn3PdkWcL7
563.Anae@edu.tbz.ch;ZYYtw1XUtzoP
564.Cleopatre@edu.tbz.ch;5zixVa33N52r
565.Gerald@edu.tbz.ch;LDluUmM6mTsY
566.Laurene@edu.tbz.ch;IeR6VB9fw57j
567.Amelie@edu.tbz.ch;J3qaN56TWSep
568.Venus@edu.tbz.ch;Z1h296Xmp5q7
569.Renee@edu.tbz.ch;shJJYvVqDR7V
570.Almerinda@edu.tbz.ch;pEPRQBaaUhuF
571.Andree@edu.tbz.ch;NGhUrWDevSL9
572.Leone@edu.tbz.ch;CdMi4DS6PWLz
573.Gerald@edu.tbz.ch;i4iI1vRejlfR
574.Ju@edu.tbz.ch;5sC2onesvCT1
575.Meng@edu.tbz.ch;AHKr4O8OPsS6
576.Cleopatre@edu.tbz.ch;ttI2WNo3Ds57
577.Annotes@edu.tbz.ch;PKZKv6jFtTdi
578.Gerald@edu.tbz.ch;wWIaGYCibNJF
579.Creez@edu.tbz.ch;EyP9WSdL59wf
580.Gisele@edu.tbz.ch;jeTFZGnBE8Uo
581.Pal@edu.tbz.ch;QDTF0x0W3jle
582.Nelie@edu.tbz.ch;nKL19yPHYJdV
583.Alois@edu.tbz.ch;oj1U3Kr8X93G
584.Kui@edu.tbz.ch;A43G0KpVOsuu
585.Long@edu.tbz.ch;gcn2MTyR72HY
586.Francoise@edu.tbz.ch;mOryT9iyWlo2
587.Maely@edu.tbz.ch;QCyDGztororM
588.Creez@edu.tbz.ch;zqLzAdSi2AT2
589.Adele@edu.tbz.ch;iFVEB5N1kg4W
590.Cleopatre@edu.tbz.ch;dXJyqhJvJR0D
591.Interessant@edu.tbz.ch;HmI738eUwu1w
592.Naeva@edu.tbz.ch;ti6hgWyy1uHX
593.Anais@edu.tbz.ch;M4lUt1Qn0y29
594.Judicael@edu.tbz.ch;NmyDoQKJgqPl
595.Eloise@edu.tbz.ch;uLdhHLlrg5MQ
596.Desiree@edu.tbz.ch;0kgVZ63DT507
597.Maite@edu.tbz.ch;7SVrepbhEkT8
598.Meng@edu.tbz.ch;DIfoUDO6Vnq5
599.Frederique@edu.tbz.ch;9FV1QmWb5q0g
600.Andreanne@edu.tbz.ch;sdb4ai6iDcYP
601.Aurelie@edu.tbz.ch;NqNciLNsxEOC
602.Renee@edu.tbz.ch;PGqB0bRnhLyj
603.Maena@edu.tbz.ch;6Ghmh0MB3DCl
604.Nadege@edu.tbz.ch;Nei3ZDs2CjH7
605.Solene@edu.tbz.ch;Q3tiDJBGdxlc
606.Dafnee@edu.tbz.ch;9fqMLaAuWWLh
607.Leane@edu.tbz.ch;vSJNzAXIw5Ab
608.Adele@edu.tbz.ch;baOrYjPyGHQj
609.Meline@edu.tbz.ch;qkcYWWYmmtsk
610.Marienoel@edu.tbz.ch;byVJRNpsuB6L
611.Nelie@edu.tbz.ch;CBVxXZZunK1q
612.Clea@edu.tbz.ch;JmYYgaaYZk3e
613.Leandre@edu.tbz.ch;sJllxuZYvklQ
614.Cecile@edu.tbz.ch;jXpaTDFeZdc1
615.Melanie@edu.tbz.ch;Y9OoTPmLFlmI
616.Mariejosee@edu.tbz.ch;xrZyUpNj8uFW
617.Helena@edu.tbz.ch;3bdnW3jCZMc7
618.Annotes@edu.tbz.ch;a3QDxRLHiwIQ
619.Melia@edu.tbz.ch;dZb8UmVDJvsq
620.Angelique@edu.tbz.ch;QLF8UOekWJZm
621.Cunegonde@edu.tbz.ch;qlmKl8ALlSsh
622.Camelia@edu.tbz.ch;OnV4TOk5GWx2
623.You@edu.tbz.ch;uFHHYRE0yxCU
624.Kevina@edu.tbz.ch;H1zg8XbDpMjK
625.Milena@edu.tbz.ch;gLTYi0lBZ04T
626.Melodie@edu.tbz.ch;GgJgkcjPW7Rs
627.Gaelle@edu.tbz.ch;HZkGSmzs2E1H
628.Kalliste@edu.tbz.ch;6bNlZZPGUM9N
629.Clementine@edu.tbz.ch;5Udz96fIy6O5
630.Andrea@edu.tbz.ch;zrPJX2JclTJ8
631.Geraldine@edu.tbz.ch;GIw9FPyLI4qO
632.Tan@edu.tbz.ch;BJ5axHrl7tX2
633.Meline@edu.tbz.ch;1wA5coJHOn0K
634.Therese@edu.tbz.ch;BhwDrM4fVezg
635.Salome@edu.tbz.ch;GyjdkHDIeJ2A
636.Anae@edu.tbz.ch;sTZToD11mdK6
637.Kalliste@edu.tbz.ch;BvIHdh09EFfE
638.Selene@edu.tbz.ch;Okchuvzs7sZJ
639.Agnes@edu.tbz.ch;EeKEkWLtLBxu
640.Faites@edu.tbz.ch;nUDytb00JXkJ
641.Athena@edu.tbz.ch;zjLLvxq0jaPH
642.Daphnee@edu.tbz.ch;y54ZddlbsQFk
643.Gosta@edu.tbz.ch;2Y6eKTffqr4B
644.Oceane@edu.tbz.ch;PK1pbaCxtUZA
645.Annotes@edu.tbz.ch;NXJBS9Vrvdz3
646.Marieeve@edu.tbz.ch;WkSckoqDb7Yp
647.Melina@edu.tbz.ch;YWvjlCadInFd
648.Laurene@edu.tbz.ch;ZAURXfX4DSAd
649.Fei@edu.tbz.ch;LTx9kItMJznO
650.Publicite@edu.tbz.ch;SMoRS1hohE4t
651.Torbjorn@edu.tbz.ch;vHuceAnZDZLJ
652.Chloe@edu.tbz.ch;iE1nzEpAoWA8
653.Mylene@edu.tbz.ch;AHbBso3xtmhV
654.Mediamass@edu.tbz.ch;ZwTJkKlm2xev
655.Renee@edu.tbz.ch;6wlaLKg2t5rX
656.Maiwenn@edu.tbz.ch;OQvplA5YslNA
657.Genevieve@edu.tbz.ch;Klw9rfjQWCwf
658.Renee@edu.tbz.ch;M5MXPK5b5mXg
659.Lai@edu.tbz.ch;GF9Hk685M5bL
660.Kevina@edu.tbz.ch;Uz1K1DNxm41T
661.Osten@edu.tbz.ch;4ho7knulbY1H
662.Verane@edu.tbz.ch;hzNbcmcYb1Xj
663.Uo@edu.tbz.ch;BwDajknXf3ZF
664.Gisele@edu.tbz.ch;4be38vk125St
665.Renee@edu.tbz.ch;P4tl64pnqQHa
666.Elies@edu.tbz.ch;GPkOHaG4TdXc
667.Valerie@edu.tbz.ch;NaTHrHHAAHIn
668.Berangere@edu.tbz.ch;dM7FkcuicUR1
669.Bjorn@edu.tbz.ch;vRyyXqdnzA7P
670.Loic@edu.tbz.ch;Fn5vcGHnwhzv
671.Creez@edu.tbz.ch;ZCGiRsW03hFw
672.Athena@edu.tbz.ch;xDGHgD1sL8YK
673.Naelle@edu.tbz.ch;LrwX9pmvhLOa
674.Maella@edu.tbz.ch;ToqUyu3ZAaGs
675.Song@edu.tbz.ch;NwyUB14uTmgq
676.Kalliste@edu.tbz.ch;sSYXCdOl6ciE
677.Ake@edu.tbz.ch;IxIL1mtzEF0D
678.Ma@edu.tbz.ch;YhlfOe6k0Pht
679.Maely@edu.tbz.ch;bhbxNI0Z0vAw
680.Tang@edu.tbz.ch;pnoukAHglGK8
681.Laurene@edu.tbz.ch;V9CYQOa48Y5z
682.Lysea@edu.tbz.ch;PYKmqtZbRVrb
683.Leandre@edu.tbz.ch;KZSJHtXky7Vd
684.Rao@edu.tbz.ch;fWEIceDGcqJ7
685.Mahelie@edu.tbz.ch;cJj8EFVk21tr
686.Marta@edu.tbz.ch;b46axhZdyTnZ
687.Gosta@edu.tbz.ch;ztKW9sM2K3B0
688.Helena@edu.tbz.ch;DuzrDySzZ6DG
689.Therese@edu.tbz.ch;WtLeZl1nhFNI
690.Alois@edu.tbz.ch;osDG0aGzWsQr
691.Becassine@edu.tbz.ch;2ENgYFiJLdiu
692.Cloe@edu.tbz.ch;El4heWTfS1VL
693.Daniele@edu.tbz.ch;jXLyfIkk0fvA
694.Selene@edu.tbz.ch;oOst8ioapf4c
695.Regine@edu.tbz.ch;y4HLO2KzNJOD
696.Interessant@edu.tbz.ch;Ztgak4T6CKtI
697.Long@edu.tbz.ch;091690UHRRZx
698.Mans@edu.tbz.ch;AOqkDkORMgmn
699.Ai@edu.tbz.ch;yggHisDO5CZf
700.Gaetane@edu.tbz.ch;qS2LmmKKHx3a
701.Marylene@edu.tbz.ch;jjMpz1jbB9E6
702.Geraldine@edu.tbz.ch;9Yh0msgdLxbE
703.Tang@edu.tbz.ch;RBOACOcTVBmF
704.Lai@edu.tbz.ch;GulzfHa4FCad
705.Desiree@edu.tbz.ch;9QsqeWtaF4YG
706.Ake@edu.tbz.ch;tBqsNvHol8Yr
707.Edmee@edu.tbz.ch;BmLSh0rNg6OL
708.Alois@edu.tbz.ch;431CUuNyqyYW
709.Becassine@edu.tbz.ch;7amgHFc9HFR0
710.Ai@edu.tbz.ch;sPwOOgAhmYzw
711.Judicael@edu.tbz.ch;09FJckeXiwXa
712.Mans@edu.tbz.ch;Ik3VBzzGWaEN
713.Gerald@edu.tbz.ch;1GoTU47VZCap
714.Wa@edu.tbz.ch;U8Y3LJYTMlzA
715.Meng@edu.tbz.ch;m3tzwIjLglrJ
716.Naelle@edu.tbz.ch;HlmwIuwkSumb
717.Gisele@edu.tbz.ch;GqTCMNLAlxT9
718.Meryl@edu.tbz.ch;59hlKtAODUx7
719.Celia@edu.tbz.ch;2jiNc6qs7D9V
720.Styrbjorn@edu.tbz.ch;5CaWbZWKJYsr
721.Felicie@edu.tbz.ch;6eK8O1xO3BDV
722.Da@edu.tbz.ch;K3w0TPpYrl75
723.Celestine@edu.tbz.ch;wd0E8UwxN1Vi
724.Mahelie@edu.tbz.ch;AzH4pNUhz0t1
725.Meghane@edu.tbz.ch;0ciUjDEn7LBE
726.Methode@edu.tbz.ch;UhM9L6auZTJr
727.Aslog@edu.tbz.ch;u93SSZZvpNvU
728.You@edu.tbz.ch;sjW8JyHF47WB
729.Loic@edu.tbz.ch;qOKqXikEGPt5
730.Daniele@edu.tbz.ch;ldQVERutHMQ2
731.Alois@edu.tbz.ch;3SCT4ZLLpN2M
732.Osten@edu.tbz.ch;iMygtzgfrqDG
733.Marieeve@edu.tbz.ch;tkJwQrc58ekd
734.Theresa@edu.tbz.ch;e5Ke7l8wE46D
735.Andree@edu.tbz.ch;lR0gc2y2EMgg
736.Lie@edu.tbz.ch;a0D4h29c834R
737.Marieeve@edu.tbz.ch;uADlI55avfLk
738.Marienoel@edu.tbz.ch;urN8vDkgWJFy
739.Men@edu.tbz.ch;VGItYHXMdq3m
740.Ku@edu.tbz.ch;pcFsZGRgANka
741.Lucrece@edu.tbz.ch;Zk2lcGv5E67L
742.Zoe@edu.tbz.ch;z4HeOzhSgUsO
743.Mariehelene@edu.tbz.ch;3eBc0MwyOv38
744.Lea@edu.tbz.ch;ClziXugsGdHw
745.Gorel@edu.tbz.ch;MfqYDeq7iWXL
746.Mylene@edu.tbz.ch;DxJJfLYC3gW0
747.Faites@edu.tbz.ch;VjvCrwDlUKts
748.Marylene@edu.tbz.ch;IJQpWp2XNLP9
749.Aimee@edu.tbz.ch;Di6xferxsUTB
750.Renee@edu.tbz.ch;7SFB55CWBoVV
751.Rejane@edu.tbz.ch;39BIUWoEl96b
752.Solene@edu.tbz.ch;pgJVGNGNyCPC
753.Marten@edu.tbz.ch;SKpg1dzT6zTk
754.Maite@edu.tbz.ch;EyWrhwJLyMnJ
755.Maelyss@edu.tbz.ch;pjUSbHK9TNBq
756.Nuo@edu.tbz.ch;E4mb0izLGy4p
757.Anais@edu.tbz.ch;MxKEomgNTXHv
758.Mediamass@edu.tbz.ch;ZCtZBICyBaCH
759.Beatrice@edu.tbz.ch;Qw0rTSgsttYp
760.Ines@edu.tbz.ch;WCsZu9OUG3gB
761.Kalliste@edu.tbz.ch;OBux4ZWYDFpX
762.Mans@edu.tbz.ch;q64J4NNvoW3x
763.Irene@edu.tbz.ch;DNXPiHVSr2IR
764.Milena@edu.tbz.ch;OMtsEi53VolZ
765.Naeva@edu.tbz.ch;rCt47sCN1bzM
766.Audreanne@edu.tbz.ch;kjgoFz3YSHXV
767.Melia@edu.tbz.ch;gpBa2R8UDOcl
768.Nelie@edu.tbz.ch;BAz6cQE0uxgW
769.Clelia@edu.tbz.ch;BqtHfPIXHsQh
770.Lie@edu.tbz.ch;iZMY3W5AhjYN
771.Valerie@edu.tbz.ch;woIuq8yADz6b
772.Anael@edu.tbz.ch;GfoYLdeTsiO9
773.Interessant@edu.tbz.ch;28O7wPfJF10f
774.Eleonore@edu.tbz.ch;fFgHmzDBsNdd
775.Zoe@edu.tbz.ch;qFN7BscnB3Kd
776.Alizee@edu.tbz.ch;M0Hwapr90Z0w
777.Celestine@edu.tbz.ch;qqaEORyNE0Xx
778.Selene@edu.tbz.ch;auWMC6OSb8mf
779.Tang@edu.tbz.ch;K03few73HqBh
780.Annotes@edu.tbz.ch;jNhrzz3Cn1MJ
781.Lea@edu.tbz.ch;suBFHFPjPIVH
782.Illustree@edu.tbz.ch;tqsApy2B9uXr
783.Maiwenn@edu.tbz.ch;4fdjjqgnaJ1K
784.Mariefrancoise@edu.tbz.ch;XjFnAxA1mjoK
785.Illustree@edu.tbz.ch;8Q1S70CO2upa
786.Melys@edu.tbz.ch;dQeGf7AIPBBx
787.Marylene@edu.tbz.ch;ZzObamx5Wwrt
788.Gerald@edu.tbz.ch;DhOUmHBtnVG1
789.Clelia@edu.tbz.ch;RsGuLghvfhyx
790.Penelope@edu.tbz.ch;tdto031qLSQJ
791.Maena@edu.tbz.ch;FEsBMEmR3hNS
792.Athena@edu.tbz.ch;0WcKgoN6NJyg
793.Cloe@edu.tbz.ch;6rBgLKpTBoHV
794.Josephine@edu.tbz.ch;nRcnPhKB1RrG
795.Audreanne@edu.tbz.ch;Mj7hc9bA6geD
796.Fei@edu.tbz.ch;zJHZvN5sD9ZQ
797.Lois@edu.tbz.ch;4qp4R3Nmhdqh
798.Mariefrancoise@edu.tbz.ch;2IP6TcUp8FUl
799.Leonore@edu.tbz.ch;DSnKJEpIyJjS
800.Anaelle@edu.tbz.ch;82DRnJVOGB7S
801.Clemence@edu.tbz.ch;dLFzbwJHCfEX
802.Lois@edu.tbz.ch;kr6M7z0AoVdD
803.Interessant@edu.tbz.ch;lHwg757xTZrM
804.Personnalisee@edu.tbz.ch;MmzemWPWqB43
805.Lie@edu.tbz.ch;eHP7VzIFLCYl
806.Dafnee@edu.tbz.ch;riP9P5vNMalT
807.Elies@edu.tbz.ch;QnhBiOtVYb6T
808.Helena@edu.tbz.ch;mws40XfoE59I
809.Andree@edu.tbz.ch;M7ApeWRgqckM
810.Verane@edu.tbz.ch;5XFNBIADFX61
811.Helena@edu.tbz.ch;NVAPngzAs5cc
812.Kalliste@edu.tbz.ch;RgILazbPVipC
813.Regine@edu.tbz.ch;ipOsjvh0aAnW
814.Len@edu.tbz.ch;2n8ilXm9LXV0
815.Angelique@edu.tbz.ch;JgaFRI1Donhn
816.Gosta@edu.tbz.ch;eoxAD5zSrwlY
817.Maelys@edu.tbz.ch;EGeQaRbSpbTs
818.Maelle@edu.tbz.ch;4X9HEMM5D7zV
819.Anael@edu.tbz.ch;Ct6JwqtY70lT
820.Helene@edu.tbz.ch;LO9MtZA7oZDC
821.Gorel@edu.tbz.ch;PMdHCNRUmfw6
822.Laurelie@edu.tbz.ch;YimHDTr6RucM
823.Yao@edu.tbz.ch;APJq1C9VOYPr
824.Berengere@edu.tbz.ch;6tHsl7NwYAgr
825.Maelann@edu.tbz.ch;98GnUgRCgLy2
826.Severine@edu.tbz.ch;D661o8olXQ3f
827.Salome@edu.tbz.ch;5oe8pD6JX7pQ
828.Meryl@edu.tbz.ch;ENG5QuUvG1jg
829.Da@edu.tbz.ch;ZyAZcPDzvwnA
830.Venus@edu.tbz.ch;WBQzG8pks526
831.Meghane@edu.tbz.ch;79vFeBRnANP4
832.Marylene@edu.tbz.ch;e26po9YUZPfA
833.Melinda@edu.tbz.ch;ZLwCoL2ErpYY
834.Mariejosee@edu.tbz.ch;WUjEpDpkVblo
835.Aslog@edu.tbz.ch;281uFwX99bYX
836.Ku@edu.tbz.ch;hhUsKlhpgodD
837.Personnalisee@edu.tbz.ch;4XPvtRJiuD4s
838.Laila@edu.tbz.ch;57I04Xt94mJQ
839.Bjorn@edu.tbz.ch;vbtgPUDsdlYd
840.Marieeve@edu.tbz.ch;ZaZf8zjAq3w6
841.Helene@edu.tbz.ch;RFzwoj4hSHXx
842.Penelope@edu.tbz.ch;1Ce5cXMlFggH
843.Borje@edu.tbz.ch;VXdodSsZgeC6
844.Nelie@edu.tbz.ch;1pMLoITiUp4y
845.Celine@edu.tbz.ch;qxVfJgxJAlsS
846.Stevina@edu.tbz.ch;1eV0ODNdGZ5j
847.Chloe@edu.tbz.ch;shj0MYlI9SMY
848.Simplifies@edu.tbz.ch;MEtnDuYDrrzV
849.Genevieve@edu.tbz.ch;gGq464D9XNEE
850.Marylene@edu.tbz.ch;YiUPdfQH9Uaz
851.Goran@edu.tbz.ch;5BsSxgSdOm6V
852.Michele@edu.tbz.ch;CfaS1hRizR6s
853.Methode@edu.tbz.ch;LLEPCXIaV0kJ
854.Therese@edu.tbz.ch;YB9qxNgo8t6e
855.Gorel@edu.tbz.ch;viP2fo18RrgB
856.Oceane@edu.tbz.ch;kSHkV8nIufqD
857.Marienoel@edu.tbz.ch;o4PXRGdVatES
858.Dorothee@edu.tbz.ch;NRwwc9jzBfJx
859.Gosta@edu.tbz.ch;GslG09FbBC0k
860.Desiree@edu.tbz.ch;DOFx00dFycPj
861.Felicie@edu.tbz.ch;LGhjZkz5W5FI
862.Maelyss@edu.tbz.ch;TjQGRf6j6k90
863.Aimee@edu.tbz.ch;AIHHviX5S0P2
864.Naeva@edu.tbz.ch;SLQPESXEoFbG
865.Laila@edu.tbz.ch;YfA2xUZ1S2E5
866.Daniele@edu.tbz.ch;WW2h6NwAKxIS
867.Daphnee@edu.tbz.ch;Yto7JV7vrW9y
868.Pal@edu.tbz.ch;jwSpK8xmv5YU
869.Zoe@edu.tbz.ch;VmeWJETNPU1X
870.Ai@edu.tbz.ch;gctT22RSH1Vt
871.Maelys@edu.tbz.ch;mvxqEjKAtepM
872.Cloe@edu.tbz.ch;IO7UCQfGCLBf
873.Wa@edu.tbz.ch;SzKKGIVJX0xY
874.Publicite@edu.tbz.ch;uOaSKGMXDZQ8
875.Rao@edu.tbz.ch;Ea0pMUVUGQ1W
876.Uo@edu.tbz.ch;DILeNQivH74c
877.Josee@edu.tbz.ch;9p9yODLF7vu7
878.Annotee@edu.tbz.ch;7ezrqcAi3mpi
879.Cinema@edu.tbz.ch;XhTGbyccXKWq
880.Lai@edu.tbz.ch;wy4TScpO3D1U
881.Renee@edu.tbz.ch;cqwu1gBm8Ujj
882.Ophelie@edu.tbz.ch;8MCLjCjnqVqN
883.Zhi@edu.tbz.ch;tWRAM5kjvLr1
884.Annotee@edu.tbz.ch;Yqe5stuEnnHo
885.Maelyss@edu.tbz.ch;P6YrA5iiao8A
886.Celia@edu.tbz.ch;8qe96hci5T8d
887.Interessant@edu.tbz.ch;LD7HYwBdXvZf
888.Audreanne@edu.tbz.ch;IaJqXqgM8ZGT
889.Oceane@edu.tbz.ch;R7AZfcW9FIdp
890.Daniele@edu.tbz.ch;Fw9xwgh5vAhs
891.Daphnee@edu.tbz.ch;b1ZFoVbeYRTX
892.Andrea@edu.tbz.ch;Wb5V7673A9TK
893.Penelope@edu.tbz.ch;W6zmgyu8l9AB
894.Mailis@edu.tbz.ch;a9JlryRvUUSn
895.Penelope@edu.tbz.ch;VXoXJJD80Feo
896.Illustree@edu.tbz.ch;VkCs3ygPW5en
897.Meng@edu.tbz.ch;xrMYZaIPeN3J
898.Ruo@edu.tbz.ch;urZ5ze34F5SC
899.Maite@edu.tbz.ch;28VRj62uyfD6
900.Genevieve@edu.tbz.ch;1iZYjNfXmvpI
901.Lea@edu.tbz.ch;rmqNSkGj1o3u
902.Naelle@edu.tbz.ch;nuGGL6BVF2Mo
903.Gosta@edu.tbz.ch;x4a3sKQav1uo
904.Fei@edu.tbz.ch;aokHvDf1Rc47
905.Adelie@edu.tbz.ch;3NmADnRseM0I
906.Marylene@edu.tbz.ch;sb5y8ywyXjQy
907.Therese@edu.tbz.ch;2nT9p10uv0OE
908.Melys@edu.tbz.ch;BctXxFJ2LSeD
909.Melanie@edu.tbz.ch;hoXTtV5zmqUD
910.Serena@edu.tbz.ch;Izrs4iprXPux
911.Pelagie@edu.tbz.ch;a0zIuUjmoC8v
912.Wa@edu.tbz.ch;bqYYFaf7kCVC
913.Po@edu.tbz.ch;SspPop4XBwVA
914.Song@edu.tbz.ch;bL7TXN8qV0gk
915.Melinda@edu.tbz.ch;63AxfklmJoN0
916.Personnalisee@edu.tbz.ch;p6A0e7sLcKqP
917.Leandre@edu.tbz.ch;oYzwZNPoqYJw
918.Osten@edu.tbz.ch;J0qhXHlWATRZ
919.Naelle@edu.tbz.ch;bPEQcBagD9hq
920.Berenice@edu.tbz.ch;fRdpA8xKyXWe
921.Kui@edu.tbz.ch;PBgofIVVCe1x
922.Melodie@edu.tbz.ch;aTYImMZtCO46
923.Josee@edu.tbz.ch;BUq9MVySnFd7
924.Melissandre@edu.tbz.ch;vuokkuqWU9uA
925.Josephine@edu.tbz.ch;qd9PyjvzGOgp
926.Maely@edu.tbz.ch;8TC81SrqsEZK
927.Nelie@edu.tbz.ch;rQKklh3JP4tl
928.Melina@edu.tbz.ch;YIAOX9LKhrAQ
929.Megane@edu.tbz.ch;loce0GYsiLn9
930.Regine@edu.tbz.ch;nzTzKQ9qYXQS
931.Mylene@edu.tbz.ch;XipKm3YK61Hx
932.Pelagie@edu.tbz.ch;0B3uNfZsKZ1Q
933.Styrbjorn@edu.tbz.ch;KE1AO1pRx720
934.Long@edu.tbz.ch;uzI4ixUNFHOw
935.Stephanie@edu.tbz.ch;NfF2cwWUrprg
936.Clea@edu.tbz.ch;VlbCDR8jbkhs
937.Maella@edu.tbz.ch;1zXBhox2ixfg
938.Laila@edu.tbz.ch;ETPvXclTwuPd
939.Yao@edu.tbz.ch;n9liWV5g4skj
940.Mailys@edu.tbz.ch;wVPlX5VtYij7
941.Adelie@edu.tbz.ch;0WyGkmPrpzQ8
942.Celine@edu.tbz.ch;NR297opoLdp6
943.Gisele@edu.tbz.ch;6PDxo2I4mldH
944.Celestine@edu.tbz.ch;tdNZEBCqoff5
945.Maelyss@edu.tbz.ch;TSC5xw3bUxao
946.Helene@edu.tbz.ch;TgKNB8AOlNSf
947.Lie@edu.tbz.ch;18IuHr3tLhe2
948.Maely@edu.tbz.ch;SgFY7zchQUgl
949.Erwei@edu.tbz.ch;nCilInM0vHsc
950.Chloe@edu.tbz.ch;3fjwC4zQnPJR
951.Cleopatre@edu.tbz.ch;elh6jBNSPKcN
952.Melodie@edu.tbz.ch;ORABSmkvF0MG
953.Elies@edu.tbz.ch;bnSuqyjV9IgB
954.Mediamass@edu.tbz.ch;OoqhBJvPYU2j
955.Celestine@edu.tbz.ch;wEvJ8ofAnot5
956.Marten@edu.tbz.ch;EgSH3G5maRVr
957.Daphnee@edu.tbz.ch;ZNlCZRprpLM9
958.Regine@edu.tbz.ch;BsFVbmxyzO86
959.Noemie@edu.tbz.ch;vdLmJUe6BLXY
960.Loic@edu.tbz.ch;kmbfZBCtS0d6
961.Venus@edu.tbz.ch;ahGgtZI04WWy
962.Marten@edu.tbz.ch;KWklKhLpIm7Y
963.Berengere@edu.tbz.ch;cMXh2NnL8hdM
964.Genevieve@edu.tbz.ch;IlWNDbfxPb5Z
965.Maely@edu.tbz.ch;2hqZ0BgYZFUS
966.Maeline@edu.tbz.ch;jEYfV44yFAv9
967.Personnalisee@edu.tbz.ch;A7jO8dQq6j9v
968.Alizee@edu.tbz.ch;Na5R8VJo2zd2
969.Desiree@edu.tbz.ch;sk1mHcy7alok
970.Dorothee@edu.tbz.ch;ai4KqdEBcnVl
971.Oceanne@edu.tbz.ch;ZBG7m1eoAqBS
972.Almerinda@edu.tbz.ch;zOeGSJb9fGRO
973.Yenora@edu.tbz.ch;yQp21yaHsD8J
974.Wa@edu.tbz.ch;QZiWIPQhFfUS
975.Audreanne@edu.tbz.ch;tIeMwdoTCqio
976.Noemie@edu.tbz.ch;XVET4hQzUUNL
977.Mans@edu.tbz.ch;uFPv2Tj2Cql3
978.Audreanne@edu.tbz.ch;WVmGG1SNkEIT
979.Leone@edu.tbz.ch;IqWXfhpA6T9Y
980.Lie@edu.tbz.ch;FXrDzDBKefKF
981.Harald@edu.tbz.ch;u7QLdeF7NJ1S
982.Anaelle@edu.tbz.ch;DyIFQSUrzzJc
983.Michele@edu.tbz.ch;Zlgk4HQeI1mz
984.Interessant@edu.tbz.ch;Tu0nPXjJXeVx
985.Andre@edu.tbz.ch;u1Z6BUF2ceuw
986.Tang@edu.tbz.ch;Da5oI5bNRprp
987.Mariejosee@edu.tbz.ch;wCfxpFfhSDDH
988.Lois@edu.tbz.ch;HCSdMmnDakIp
989.Faites@edu.tbz.ch;RR120EyBdhrB
990.Mai@edu.tbz.ch;yUzStLwwoKj3
991.Laurene@edu.tbz.ch;sbKnniv405Gh
992.Elea@edu.tbz.ch;ecbTlZzKC7e1
993.Harald@edu.tbz.ch;fJWykPlUsP7d
994.Rejane@edu.tbz.ch;0v3ixZyCeXk0
995.Mahelie@edu.tbz.ch;kugWkhaMCVnl
996.Rachele@edu.tbz.ch;pvfZvKZU5pnl
997.Laila@edu.tbz.ch;C8SuAclQ8CIL
998.Ines@edu.tbz.ch;vyGLPqnB2wHa
999.Publicite@edu.tbz.ch;4vpb5V5sX8fM
1000.Mailys@edu.tbz.ch;xnDd1kZXFvCQ
1001.Mailis@edu.tbz.ch;1ofL4RfWnNuQ
1002.Lea@edu.tbz.ch;KzI3CGwR6oRA
1003.Harald@edu.tbz.ch;9g7v6pJVGUp2
